<?xml version="1.0" encoding="UTF-8"?>
<project-private xmlns="http://www.netbeans.org/ns/project-private/1">
    <editor-bookmarks xmlns="http://www.netbeans.org/ns/editor-bookmarks/2" lastBookmarkId="0"/>
    <open-files xmlns="http://www.netbeans.org/ns/projectui-open-files/2">
        <group>
            <file>file:/C:/Users/AJFiya/Desktop/Sophmore%20Project%20copy/src/sophmore/project/signup_user.fxml</file>
            <file>file:/C:/Users/AJFiya/Desktop/Sophmore%20Project%20copy/src/sophmore/project/Income.fxml</file>
            <file>file:/C:/Users/AJFiya/Desktop/Sophmore%20Project%20copy/src/sophmore/project/Main.fxml</file>
            <file>file:/C:/Users/AJFiya/Desktop/Sophmore%20Project%20copy/src/sophmore/project/Saving.fxml</file>
            <file>file:/C:/Users/AJFiya/Desktop/Sophmore%20Project%20copy/src/sophmore/project/Bill.fxml</file>
            <file>file:/C:/Users/AJFiya/Desktop/Sophmore%20Project%20copy/src/sophmore/project/login_form.fxml</file>
        </group>
    </open-files>
</project-private>
